epoch,time,train/box_loss,train/seg_loss,train/cls_loss,train/dfl_loss,train/sem_loss,metrics/precision(B),metrics/recall(B),metrics/mAP50(B),metrics/mAP50-95(B),metrics/precision(M),metrics/recall(M),metrics/mAP50(M),metrics/mAP50-95(M),val/box_loss,val/seg_loss,val/cls_loss,val/dfl_loss,val/sem_loss,lr/pg0,lr/pg1,lr/pg2
1,96.5671,1.14274,1.33722,1.95319,0.99608,0,0.33429,0.50195,0.41691,0.28089,0.33822,0.5029,0.41914,0.24597,1.24144,1.58629,1.68299,0.97859,0,0.000329861,0.000329861,0.000329861
2,188.453,1.24494,1.60391,1.87374,1.03888,0,0.44882,0.49128,0.51064,0.3522,0.45432,0.49547,0.50643,0.29971,1.18843,1.51471,1.58138,0.97609,0,0.000654987,0.000654987,0.000654987
3,282.91,1.28981,1.62358,1.78165,1.05252,0,0.43401,0.59908,0.48633,0.32467,0.43401,0.59908,0.49681,0.28909,1.16229,1.46719,1.63845,0.97695,0,0.000971864,0.000971864,0.000971864
4,375.547,1.27217,1.58815,1.68939,1.03884,0,0.4459,0.75913,0.59455,0.38217,0.44862,0.7302,0.59471,0.36959,1.23123,1.51031,1.45566,1.00415,0,0.000962875,0.000962875,0.000962875
5,480.526,1.26727,1.53264,1.59761,1.05858,0,0.48211,0.63017,0.6556,0.44306,0.48211,0.63017,0.65416,0.40298,1.11841,1.46599,1.29969,0.96477,0,0.0009505,0.0009505,0.0009505
6,573.356,1.21056,1.49233,1.44046,1.02902,0,0.55776,0.74944,0.71879,0.49081,0.55416,0.75185,0.71806,0.47733,1.09242,1.32028,1.14787,0.95618,0,0.000938125,0.000938125,0.000938125
7,665.179,1.19539,1.54499,1.37251,1.03936,0,0.46375,0.58955,0.53531,0.34921,0.45169,0.60487,0.53781,0.3195,1.10359,1.70686,1.51962,0.95937,0,0.00092575,0.00092575,0.00092575
8,754.687,1.17716,1.48557,1.30033,1.00999,0,0.59979,0.65649,0.69687,0.48686,0.59979,0.65649,0.69895,0.42847,1.09072,1.3229,1.43048,0.93789,0,0.000913375,0.000913375,0.000913375
9,843.631,1.11371,1.39915,1.22322,1.00001,0,0.49924,0.70312,0.66372,0.44888,0.49761,0.69861,0.66197,0.41358,1.12905,1.45821,1.28044,0.98203,0,0.000901,0.000901,0.000901
10,934.386,1.12621,1.42307,1.20635,1.00033,0,0.68466,0.68138,0.75266,0.50819,0.69314,0.68923,0.7647,0.46473,1.18639,1.54874,1.05032,0.98493,0,0.000888625,0.000888625,0.000888625
11,1027.35,1.13906,1.40349,1.25215,1.00194,0,0.64208,0.58498,0.64153,0.38759,0.64626,0.58992,0.65563,0.34765,1.38499,1.81671,1.31912,1.0734,0,0.00087625,0.00087625,0.00087625
12,1116.62,1.10472,1.34967,1.15551,0.99076,0,0.74073,0.64062,0.75897,0.50861,0.73905,0.65078,0.76039,0.47922,1.16381,1.37104,1.1711,0.98717,0,0.000863875,0.000863875,0.000863875
13,1206.9,1.11086,1.34747,1.12254,0.99424,0,0.75381,0.67573,0.7803,0.54887,0.72419,0.7177,0.78317,0.52276,1.05563,1.326,1.02054,0.95553,0,0.0008515,0.0008515,0.0008515
14,1296.72,1.08717,1.34477,1.07474,0.98291,0,0.79934,0.5728,0.73165,0.48524,0.80423,0.57756,0.73533,0.47227,1.21643,1.32913,1.28516,1.00278,0,0.000839125,0.000839125,0.000839125
15,1384.55,1.06754,1.30423,1.04819,0.9683,0,0.73116,0.72068,0.79087,0.53836,0.73116,0.72068,0.79506,0.53266,1.1447,1.34373,0.98693,0.97164,0,0.00082675,0.00082675,0.00082675
16,1473.37,1.06717,1.29662,1.04059,0.98277,0,0.70247,0.7746,0.80472,0.57347,0.75825,0.73053,0.80682,0.56372,1.06414,1.24372,0.92761,0.93743,0,0.000814375,0.000814375,0.000814375
17,1562.99,1.05789,1.30746,1.00211,0.97581,0,0.74474,0.76754,0.82644,0.5803,0.74474,0.76754,0.82575,0.58705,1.11914,1.30474,0.93564,0.96582,0,0.000802,0.000802,0.000802
18,1653.14,1.0248,1.24751,0.95624,0.974,0,0.72485,0.76151,0.79418,0.53759,0.72689,0.76846,0.79717,0.54014,1.1901,1.35916,1.22628,0.96887,0,0.000789625,0.000789625,0.000789625
19,1742.91,1.02981,1.20546,0.93536,0.9509,0,0.77547,0.64357,0.75867,0.51431,0.78088,0.64877,0.76281,0.48088,1.14555,1.32334,1.111,0.9589,0,0.00077725,0.00077725,0.00077725
20,1832.84,1.00012,1.20748,0.93662,0.95404,0,0.80499,0.73775,0.82844,0.5834,0.81036,0.74786,0.83294,0.58386,1.13096,1.25345,0.84932,0.95779,0,0.000764875,0.000764875,0.000764875
21,1926.08,0.98556,1.23283,0.8938,0.95669,0,0.77382,0.77437,0.82709,0.58443,0.77683,0.78204,0.83328,0.57057,1.14927,1.26872,0.93685,0.95582,0,0.0007525,0.0007525,0.0007525
22,2015.47,1.02042,1.18992,0.89495,0.96152,0,0.74742,0.80764,0.83206,0.5894,0.75462,0.81042,0.83871,0.5824,1.12392,1.28991,0.82627,0.9572,0,0.000740125,0.000740125,0.000740125
23,2105.7,0.99031,1.24041,0.86574,0.94794,0,0.82527,0.72957,0.84288,0.59141,0.83174,0.73624,0.84654,0.59232,1.10398,1.2815,0.81576,0.94726,0,0.00072775,0.00072775,0.00072775
24,2198.34,0.96413,1.18604,0.83806,0.93096,0,0.82347,0.77588,0.85839,0.61269,0.82347,0.77588,0.85895,0.61713,1.09178,1.31043,0.89212,0.93598,0,0.000715375,0.000715375,0.000715375
25,2289.17,0.97065,1.1963,0.82865,0.93565,0,0.76795,0.73085,0.82662,0.55211,0.76795,0.73085,0.82802,0.53751,1.22533,1.64152,0.98873,0.99901,0,0.000703,0.000703,0.000703
26,2381.1,0.9641,1.18761,0.79786,0.94022,0,0.80368,0.76128,0.82905,0.60002,0.79574,0.78336,0.83254,0.57507,1.00997,1.30818,0.79582,0.91935,0,0.000690625,0.000690625,0.000690625
27,2473.56,0.92911,1.11674,0.76573,0.92372,0,0.67606,0.75866,0.79572,0.54478,0.64375,0.79044,0.80107,0.55371,1.20035,1.4155,1.03703,0.96596,0,0.00067825,0.00067825,0.00067825
28,2565.51,0.93991,1.1793,0.79283,0.93038,0,0.77068,0.78863,0.84369,0.57071,0.77068,0.78863,0.8481,0.56476,1.2046,1.53098,0.78538,0.99237,0,0.000665875,0.000665875,0.000665875
29,2668.96,0.92233,1.13851,0.8023,0.93243,0,0.87843,0.8004,0.91511,0.64729,0.87843,0.8004,0.91322,0.6462,1.07026,1.36841,0.71,0.94994,0,0.0006535,0.0006535,0.0006535
30,2772.05,0.91941,1.11426,0.76409,0.92946,0,0.80385,0.79254,0.86485,0.61903,0.80124,0.8,0.87349,0.60638,1.11316,1.34043,0.77707,0.9548,0,0.000641125,0.000641125,0.000641125
31,2877.34,0.91702,1.11651,0.77451,0.92187,0,0.81337,0.7722,0.86193,0.61248,0.78902,0.79551,0.86492,0.60803,1.12952,1.27611,0.80018,0.94517,0,0.00062875,0.00062875,0.00062875
32,2984.14,0.8865,1.08116,0.74391,0.91038,0,0.79984,0.75979,0.85771,0.62172,0.7984,0.77199,0.8611,0.61415,1.05497,1.24188,0.84803,0.91735,0,0.000616375,0.000616375,0.000616375
33,3083.46,0.88998,1.08852,0.72884,0.91493,0,0.83923,0.76389,0.86279,0.61748,0.83846,0.76435,0.86966,0.6215,1.0739,1.35343,0.80525,0.92808,0,0.000604,0.000604,0.000604
34,3182.34,0.88386,1.05612,0.70137,0.91161,0,0.91157,0.76152,0.88403,0.62421,0.84329,0.80901,0.88883,0.62495,1.0565,1.23157,0.73586,0.93275,0,0.000591625,0.000591625,0.000591625
35,3277.13,0.87133,1.10909,0.70796,0.91599,0,0.75076,0.77581,0.84771,0.58611,0.73341,0.79612,0.84991,0.58907,1.13078,1.36234,0.82247,0.94897,0,0.00057925,0.00057925,0.00057925
36,6201.63,0.87574,1.1083,0.706,0.9143,0,0.85003,0.78932,0.87624,0.62768,0.82663,0.82006,0.88827,0.63314,1.05653,1.3558,0.73766,0.93163,0,0.000566875,0.000566875,0.000566875
37,9153.09,0.87735,1.1127,0.70144,0.91316,0,0.7915,0.84864,0.89241,0.64299,0.78625,0.84344,0.8931,0.65334,1.05442,1.17969,0.77614,0.93766,0,0.0005545,0.0005545,0.0005545
38,9577.35,0.85693,1.07687,0.68725,0.90565,0,0.84733,0.82531,0.90367,0.64672,0.842,0.8201,0.90077,0.66143,1.02701,1.22822,0.70511,0.92974,0,0.000542125,0.000542125,0.000542125
39,9668.4,0.86702,1.03477,0.67315,0.91128,0,0.82493,0.82375,0.88537,0.61245,0.82996,0.83042,0.88798,0.61939,1.12948,1.2548,0.78429,0.94415,0,0.00052975,0.00052975,0.00052975
40,9758.44,0.82422,1.0245,0.66006,0.90055,0,0.84344,0.77024,0.88058,0.6369,0.84344,0.77024,0.87882,0.62698,1.04884,1.24995,0.75838,0.91552,0,0.000517375,0.000517375,0.000517375
41,9846.91,0.82531,1.02139,0.65663,0.90283,0,0.87951,0.74951,0.89201,0.64139,0.87951,0.74951,0.89387,0.63885,1.05314,1.20412,0.7384,0.92184,0,0.000505,0.000505,0.000505
42,9934.11,0.83941,1.04866,0.66654,0.88672,0,0.78431,0.76077,0.851,0.60011,0.78431,0.76077,0.856,0.60967,1.06849,1.34342,0.82229,0.9218,0,0.000492625,0.000492625,0.000492625
43,10020.9,0.82362,1.02131,0.64213,0.90032,0,0.80024,0.78528,0.85491,0.61477,0.80024,0.78528,0.86032,0.61563,1.04544,1.21769,0.73295,0.92481,0,0.00048025,0.00048025,0.00048025
44,10106.5,0.82291,1.01727,0.64387,0.88832,0,0.74194,0.80248,0.83824,0.59933,0.74568,0.81161,0.84226,0.5884,1.05255,1.21909,0.78524,0.91352,0,0.000467875,0.000467875,0.000467875
45,10196.7,0.82254,1.04913,0.64189,0.88871,0,0.81014,0.85694,0.88507,0.63964,0.81516,0.86361,0.88964,0.64587,0.99021,1.2081,0.74727,0.91173,0,0.0004555,0.0004555,0.0004555
46,10285.7,0.81601,0.99117,0.6328,0.88602,0,0.87382,0.75678,0.86636,0.62353,0.85461,0.76032,0.86882,0.61137,1.00264,1.27332,0.73582,0.91274,0,0.000443125,0.000443125,0.000443125
47,10375.1,0.81582,0.99219,0.60395,0.89074,0,0.82887,0.79885,0.87321,0.64082,0.82887,0.79885,0.87356,0.62993,0.98086,1.15698,0.71335,0.90887,0,0.00043075,0.00043075,0.00043075
48,10465.5,0.79803,0.99486,0.62166,0.87527,0,0.85451,0.83493,0.88727,0.65071,0.84898,0.83613,0.88763,0.64486,0.99896,1.13082,0.69802,0.90923,0,0.000418375,0.000418375,0.000418375
49,10561.9,0.78208,0.97964,0.5945,0.87785,0,0.81507,0.74454,0.84308,0.60175,0.81473,0.7453,0.84381,0.59062,1.07492,1.26965,0.81519,0.92785,0,0.000406,0.000406,0.000406
50,10660.1,0.75916,0.94899,0.58404,0.87652,0,0.8783,0.78885,0.87092,0.62513,0.88034,0.80117,0.87585,0.62223,1.03183,1.33203,0.70395,0.92231,0,0.000393625,0.000393625,0.000393625
51,10758.8,0.76725,1.00036,0.57568,0.87433,0,0.82719,0.79912,0.86869,0.62076,0.82719,0.79912,0.87035,0.61729,1.07497,1.32588,0.72056,0.92719,0,0.00038125,0.00038125,0.00038125
52,10857.3,0.78,0.96761,0.57585,0.87795,0,0.80276,0.81474,0.86084,0.63407,0.80276,0.81474,0.86532,0.64392,1.00787,1.20091,0.71182,0.89591,0,0.000368875,0.000368875,0.000368875
53,10957.6,0.74957,0.95407,0.56888,0.8693,0,0.78176,0.81129,0.86913,0.6339,0.78176,0.81129,0.87354,0.63739,1.00638,1.29124,0.69597,0.91068,0,0.0003565,0.0003565,0.0003565
